<?xml version="1.0" encoding="UTF-8"?>
<!DOCTYPE configuration PUBLIC "-//mybatis.org//DTD Config 3.0//EN" "http://mybatis.org/dtd/mybatis-3-config.dtd">

<configuration>
	<settings>
		<setting name="cacheEnabled" value="true"/>
		<setting name="lazyLoadingEnabled" value="true"/>
		<setting name="defaultFetchSize" value="50"/>
		<setting name="multipleResultSetsEnabled" value="true"/>
		<setting name="useColumnLabel" value="true"/>
		<setting name="useGeneratedKeys" value="false"/>
		<setting name="autoMappingBehavior" value="PARTIAL"/>
		<setting name="defaultExecutorType" value="SIMPLE"/>
		<setting name="safeRowBoundsEnabled" value="false"/>
		<setting name="mapUnderscoreToCamelCase" value="true"/>
		<setting name="localCacheScope" value="SESSION"/>
		<setting name="jdbcTypeForNull" value="NULL"/> <!-- OTHER -->
		<setting name="lazyLoadTriggerMethods" value="equals,clone,hashCode,toString"/>
	</settings>

    <typeAliases>
		<typeAlias alias="egovMap" type="egovframework.rte.psl.dataaccess.util.EgovMap"/>
    </typeAliases>

</configuration>