<?xml version="1.0" encoding="UTF-8"?>
<Configuration>
    <Appenders>
        <Console name="console" target="SYSTEM_OUT">
            <RegexFilter regex=".*\bParameters\b.*|.*\bPreparing\b.*" useRawMsg="true" onMatch="DENY" onMismatch="ACCEPT" />
            <PatternLayout pattern="%d{HH:mm:ss.SSS} [%thread] %-5level %logger{36} - %msg%n" />
        </Console>
    </Appenders>
    <Loggers>
        <Logger name="jdbc.sqlonly" level="INFO" additivity="false">
            <AppenderRef ref="console" />
        </Logger>
        <Logger name="jdbc.resultsettable" level="WARN" additivity="false">
            <AppenderRef ref="console" />
        </Logger>

        <logger name="framework" level="DEBUG" additivity="false">
            <AppenderRef ref="console" />
        </logger>

        <logger name="com.app" level="DEBUG" additivity="false">
            <AppenderRef ref="console" />
        </logger>
        
        <logger name="org.springframework.jdbc.datasource.DataSourceTransactionManager" level="WARN" additivity="false">
            <AppenderRef ref="console" />
        </logger>
        
        <Root level="WARN">
            <AppenderRef ref="console" />
        </Root>
    </Loggers>
</Configuration>
