<?xml version="1.0" encoding="UTF-8"?>
<beans xmlns="http://www.springframework.org/schema/beans" xmlns:xsi="http://www.w3.org/2001/XMLSchema-instance"
    xmlns:p="http://www.springframework.org/schema/p" xmlns:util="http://www.springframework.org/schema/util"
    xmlns:context="http://www.springframework.org/schema/context" xmlns:aop="http://www.springframework.org/schema/aop"
    xmlns:mvc="http://www.springframework.org/schema/mvc"
    xsi:schemaLocation="http://www.springframework.org/schema/beans http://www.springframework.org/schema/beans/spring-beans-4.0.xsd
                http://www.springframework.org/schema/context http://www.springframework.org/schema/context/spring-context-4.0.xsd
                http://www.springframework.org/schema/aop http://www.springframework.org/schema/aop/spring-aop-4.0.xsd 
                http://www.springframework.org/schema/mvc http://www.springframework.org/schema/mvc/spring-mvc-4.0.xsd http://www.springframework.org/schema/util http://www.springframework.org/schema/util/spring-util-3.2.xsd">

    <context:component-scan base-package="framework,com">
        <context:include-filter type="annotation" expression="org.springframework.stereotype.Controller" />
    </context:component-scan>

    <aop:aspectj-autoproxy />

    <mvc:default-servlet-handler />

    <mvc:annotation-driven />

    <bean id="localeResolver" class="org.springframework.web.servlet.i18n.SessionLocaleResolver" />
    <bean id="localeChangeInterceptor" class="org.springframework.web.servlet.i18n.LocaleChangeInterceptor">
        <property name="paramName" value="language" />
    </bean>

    <!-- 권한 체크 인터셉터, excludeURLs 에 AntPath Type 의 URL 로 지정 하면 퀀한 체크에서 제외 됨. -->
    <bean id="permissionCheckInterceptor" class="framework.interceptor.PermissionCheckInterceptor">
        <property name="excludeURLs">
            <list>
                <value>/**/login/*</value>
            </list>
        </property>
    </bean>

    <bean id="cnManager" class="org.springframework.web.accept.ContentNegotiationManagerFactoryBean">
        <property name="ignoreAcceptHeader" value="true" />
        <property name="defaultContentType" value="text/html" />
        <property name="mediaTypes">
            <map>
                <entry key="json" value="application/json" />
                <entry key="xlsx" value="application/vnd.openxmlformats-officedocument.spreadsheetml.sheet" />
                <entry key="view" value="text/html" />
            </map>
        </property>
    </bean>
    <bean class="org.springframework.web.servlet.view.ContentNegotiatingViewResolver" p:order="1" p:contentNegotiationManager-ref="cnManager">
        <property name="viewResolvers">
            <list>
                <bean class="org.springframework.web.servlet.view.BeanNameViewResolver" />
                <bean class="org.springframework.web.servlet.view.UrlBasedViewResolver" p:viewClass="org.springframework.web.servlet.view.JstlView"
                    p:prefix="/WEB-INF/jsp/" p:suffix=".jsp" />
            </list>
        </property>
        <property name="defaultViews">
            <list>
                <bean id="xlsxStreamingView" class="framework.views.XlsxStreamingView" />
                <bean id="jsonView" class="org.springframework.web.servlet.view.json.MappingJackson2JsonView" p:prefixJson="false"
                    p:extractValueFromSingleKeyModel="true" />
            </list>
        </property>
    </bean>

    <bean id="exceptionResolver" class="framework.exception.ExceptionResolver">
        <property name="json" value="jsonView" />
        <property name="form" value="egovframework/cmmn/error/egovError" /> <!-- web(jsp) form request -->
    </bean>

    <bean id="fileController" class="framework.file.FileController" />
    <bean id="multipartResolver" class="org.springframework.web.multipart.commons.CommonsMultipartResolver">
        <property name="maxUploadSize" value="52428800" /> <!-- 50MB -->
        <property name="maxInMemorySize" value="52428800" /> <!-- 50MB -->
    </bean>
    
    <bean id="fileView" class="framework.file.FileView" />

    <bean class="org.springframework.web.servlet.mvc.method.annotation.RequestMappingHandlerMapping">
        <property name="interceptors">
            <list>
                <ref bean="localeChangeInterceptor" />
                <ref bean="permissionCheckInterceptor" />
            </list>
        </property>
    </bean>

</beans>