<?xml version="1.0" encoding="UTF-8"?>
<beans xmlns="http://www.springframework.org/schema/beans" xmlns:xsi="http://www.w3.org/2001/XMLSchema-instance"
	xmlns:jdbc="http://www.springframework.org/schema/jdbc"
	xsi:schemaLocation="http://www.springframework.org/schema/beans http://www.springframework.org/schema/beans/spring-beans-4.0.xsd
        http://www.springframework.org/schema/jdbc  http://www.springframework.org/schema/jdbc/spring-jdbc-4.0.xsd">

    <!-- Natual-JS Sample 데이터 -->
	<jdbc:embedded-database id="embdDataSource" type="HSQL">
		<jdbc:script location= "classpath:/db/schema-hsqldb.sql"/>
		<jdbc:script location= "classpath:/db/data-hsqldb.sql"/>
	</jdbc:embedded-database>
	<!-- Custom sql formatter  -->
    <bean id="dataSourceSample" class="net.sf.log4jdbc.Log4jdbcProxyDataSource">
        <constructor-arg ref="embdDataSource" />
        <property name="logFormatter">
			<bean class="net.sf.log4jdbc.tools.Log4JdbcCustomFormatter">
				<property name="loggingType" value="MULTI_LINE" />
				<property name="sqlPrefix" value="SQL         :  " />
			</bean>
        </property>
    </bean>

    <!-- APP
    <bean id="dataSourceAPPSpied" class="org.apache.commons.dbcp.BasicDataSource" destroy-method="close">
        <property name="driverClassName" value="oracle.jdbc.driver.OracleDriver"/>
        <property name="url" value="jdbc:oracle:thin:@000.000.000.000:00000:XXXXX" />
        <property name="username" value=""/>
        <property name="password" value=""/>
    </bean>
	<bean id="dataSourceAPP" class="net.sf.log4jdbc.Log4jdbcProxyDataSource">
        <constructor-arg ref="dataSourceAPPSpied" />
        <property name="logFormatter">
			<bean class="net.sf.log4jdbc.tools.Log4JdbcCustomFormatter">
				<property name="loggingType" value="MULTI_LINE" />
				<property name="sqlPrefix" value="SQL         :  " />
			</bean>
        </property>
    </bean>
    -->

</beans>
