<?xml version="1.0" encoding="UTF-8"?>
<beans xmlns="http://www.springframework.org/schema/beans" xmlns:xsi="http://www.w3.org/2001/XMLSchema-instance"
	xmlns:tx="http://www.springframework.org/schema/tx"
	xmlns:aop="http://www.springframework.org/schema/aop"
	xsi:schemaLocation="http://www.springframework.org/schema/beans http://www.springframework.org/schema/beans/spring-beans-4.0.xsd
    	http://www.springframework.org/schema/tx http://www.springframework.org/schema/tx/spring-tx-4.0.xsd
    	http://www.springframework.org/schema/aop http://www.springframework.org/schema/aop/spring-aop-4.0.xsd">

    <tx:annotation-driven transaction-manager="txManagerSample" />
    
	<!-- bean id="txManagerAPP" class="org.springframework.jdbc.datasource.DataSourceTransactionManager">
		<property name="dataSource" ref="dataSourceAPP"/>
	</bean -->
	<bean id="txManagerSample" class="org.springframework.jdbc.datasource.DataSourceTransactionManager">
		<property name="dataSource" ref="dataSourceSample"/>
	</bean>

    <!-- tx:advice id="txAdviceAPP" transaction-manager="txManagerAPP">
        <tx:attributes>
            <tx:method name="get*" read-only="true" />
            <tx:method name="*" propagation="REQUIRED" rollback-for="Exception"/>
        </tx:attributes>
    </tx:advice -->
	<tx:advice id="txAdviceSample" transaction-manager="txManagerSample">
		<tx:attributes>
			<tx:method name="get*" read-only="true" />
			<tx:method name="*" propagation="REQUIRED" rollback-for="Exception"/>
		</tx:attributes>
	</tx:advice>

    <!-- aop:config>
        <aop:pointcut id="requiredTxAPP" expression="execution(* com.app..impl.*Impl.*(..)) &amp;&amp; !@annotation(org.springframework.transaction.annotation.Transactional)"/>
        <aop:advisor advice-ref="txAdviceAPP" pointcut-ref="requiredTxAPP" />
    </aop:config -->
	<aop:config>
		<aop:pointcut id="requiredTxSample" expression="execution(* framework.naturaljs.app..impl.*Impl.*(..)) &amp;&amp; !@annotation(org.springframework.transaction.annotation.Transactional)"/>
		<aop:advisor advice-ref="txAdviceSample" pointcut-ref="requiredTxSample" />
	</aop:config>

</beans>
