<?xml version="1.0" encoding="UTF-8"?>
<beans xmlns="http://www.springframework.org/schema/beans" xmlns:xsi="http://www.w3.org/2001/XMLSchema-instance"
	xsi:schemaLocation="http://www.springframework.org/schema/beans http://www.springframework.org/schema/beans/spring-beans-4.0.xsd">

	<!-- SqlSession setup for MyBatis Database Layer -->
	<bean id="sqlSessionSample" class="org.mybatis.spring.SqlSessionFactoryBean">
		<property name="dataSource" ref="dataSourceSample" />
		<property name="configLocation" value="classpath:/egovframework/mybatis/sql-mapper-config.xml" />
		<property name="mapperLocations" value="classpath*:/**/mappers/**/*.xml" />
        <property name="plugins">
            <array>
                <bean class="framework.mybatis.XlsxStreamingInterceptor" />
                <bean class="framework.mybatis.MaskingInterceptor" />
                <bean class="framework.mybatis.MaxRowsLimitInterceptor" />
            </array>
        </property>  
	</bean>

	<!-- bean id="sqlSessionAPP" class="org.mybatis.spring.SqlSessionFactoryBean">
		<property name="dataSource" ref="dataSourceAPP" />
		<property name="configLocation" value="classpath:/egovframework/mybatis/sql-mapper-config.xml" />
		<property name="mapperLocations" value="classpath*:/com/**/mappers/**/*.xml" />
        <property name="plugins">
            <array>
                <bean class="framework.mybatis.XlsxStreamingInterceptor" />
                <bean class="framework.mybatis.MaskingInterceptor" />
                <bean class="framework.mybatis.MaxRowsLimitInterceptor" />
            </array>
        </property> 
	</bean -->

 	<bean class="egovframework.rte.psl.dataaccess.mapper.MapperConfigurer">
 		<property name="sqlSessionFactoryBeanName" value="sqlSessionSample" />
		<property name="basePackage" value="framework" />
	</bean>

 	<!-- bean class="egovframework.rte.psl.dataaccess.mapper.MapperConfigurer">
		<property name="sqlSessionFactoryBeanName" value="sqlSessionAPP" />
		<property name="basePackage" value="com" />
	</bean -->

</beans>