[{"address":"897 Montieth Street, Grenelefe, Florida, 6532","gender":"female","latitude":-28.296137,"greeting":"Hello, Guadalupe Frederick! You have 1 unread messages.","about":"Minim mollit commodo ullamco labore sint magna nostrud veniam incididunt commodo ullamco qui aliquip sint. Nulla qui adipisicing in quis enim in non commodo ex nisi commodo culpa Lorem id. Sunt dolore fugiat laborum et deserunt ex nisi ut. Non ad irure reprehenderit voluptate laborum est reprehenderit irure. Do ex aliqua irure esse ex amet.\n","index":146,"registered":"2018-04-27","isActive":"N","picture":"http://placehold.it/32x32","favoriteFruit":"apple","balance":3772.15,"eyeColor":"blue","phone":"+1 (850) 429-3462","name":"Guadalupe Frederick","guid":"c71d31d5-9f1e-4653-883a-7b5ce41a4522","company":"QUONATA","key":101,"age":20,"email":"guadalupefrederick@quonata.com","longitude":124.816051}]