[{"val":"ASSISTIX","code":"company","key":"ASSISTIX"},{"val":"BARKARAMA","code":"company","key":"BARKARAMA"},{"val":"CANDECOR","code":"company","key":"CANDECOR"},{"val":"INTRADISK","code":"company","key":"INTRADISK"},{"val":"MICROLUXE","code":"company","key":"MICROLUXE"},{"val":"PROSELY","code":"company","key":"PROSELY"},{"val":"SHADEASE","code":"company","key":"SHADEASE"},{"val":"STOCKPOST","code":"company","key":"STOCKPOST"},{"val":"VORATAK","code":"company","key":"VORATAK"},{"val":"ZENTIA","code":"company","key":"ZENTIA"},{"val":"blue","code":"eyeColor","key":"blue"},{"val":"brown","code":"eyeColor","key":"brown"},{"val":"green","code":"eyeColor","key":"green"},{"val":"apple","code":"favoriteFruit","key":"apple"},{"val":"banana","code":"favoriteFruit","key":"banana"},{"val":"strawberry","code":"favoriteFruit","key":"strawberry"},{"val":"female","code":"gender","key":"female"},{"val":"male","code":"gender","key":"male"}]