<?xml version="1.0" encoding="UTF-8"?>
<!DOCTYPE mapper PUBLIC "-//mybatis.org//DTD Mapper 3.0//EN" "http://mybatis.org/dtd/mybatis-3-mapper.dtd">

<mapper namespace="framework.naturaljs.app.sample.mappers.SampleDeptMapper">

    <select id="getSampleDeptList" parameterType="java.util.Map" resultType="egovMap">
        /* framework.naturaljs.app.sample.mappers.SampleMapper.getSampleDeptList */
        SELECT dept_cd,
               p_dept_cd,
               dept_nm,
               dept_lv
          FROM sample_dept
        <trim prefix="WHERE" prefixOverrides="AND |OR ">
            <if test="isList == true">
           AND dept_cd != 'ROOT'
            </if>
            <if test="deptNm != null and deptNm != ''">
           AND dept_nm like UPPER('%' || #{deptNm} || '%')
            </if>
        </trim>
         ORDER BY dept_lv, dept_nm
    </select>

</mapper>